clusterhead_1,clusterhead_2,distance
73,90,231.772249
73,92,182.737619
90,92,113.828472
