clusterhead_1,clusterhead_2,distance
8,26,165.667652
8,28,141.217529
26,28,124.216427
