clusterhead_1,clusterhead_2,distance
23,32,139.122787
23,34,140.388194
23,40,259.259949
23,43,190.038384
23,62,314.895474
23,73,384.954776
32,34,178.605433
32,40,123.275618
32,43,124.190222
32,62,207.082562
32,73,302.135366
34,40,290.003606
34,43,118.993506
34,62,246.959493
34,73,281.376861
40,43,197.059358
40,62,197.210126
40,73,308.453655
43,62,132.562334
43,73,195.755541
62,73,111.360672
